Method,Job,AnalyzeLaunchVariance,EvaluateOverhead,MaxAbsoluteError,MaxRelativeError,MinInvokeCount,MinIterationTime,OutlierMode,Affinity,EnvironmentVariables,Jit,LargeAddressAware,Platform,PowerPlanMode,Runtime,AllowVeryLargeObjects,Concurrent,CpuGroups,Force,HeapAffinitizeMask,HeapCount,NoAffinitize,RetainVm,Server,Arguments,BuildConfiguration,Clock,EngineFactory,NuGetReferences,Toolchain,IsMutator,InvocationCount,IterationCount,IterationTime,LaunchCount,MaxIterationCount,MaxWarmupIterationCount,MemoryRandomization,MinIterationCount,MinWarmupIterationCount,RunStrategy,UnrollFactor,WarmupCount,Mean,Error,StdDev,Gen0,Allocated
EmptyComponent,ShortRun,False,Default,Default,Default,Default,Default,Default,11,Empty,RyuJit,Default,X64,8c5e7fda-e8bf-4a96-9a85-a6e23a8c635c,.NET 10.0,False,True,False,True,Default,Default,False,False,False,Default,Default,Default,Default,Default,Default,Default,Default,3,Default,1,Default,Default,Default,Default,Default,Default,16,3,8.110 ns,4.804 ns,0.2633 ns,0.0022,56 B
EmptyCriterion,ShortRun,False,Default,Default,Default,Default,Default,Default,11,Empty,RyuJit,Default,X64,8c5e7fda-e8bf-4a96-9a85-a6e23a8c635c,.NET 10.0,False,True,False,True,Default,Default,False,False,False,Default,Default,Default,Default,Default,Default,Default,Default,3,Default,1,Default,Default,Default,Default,Default,Default,16,3,7.347 ns,3.891 ns,0.2133 ns,0.0019,48 B
EmptyCriterionExpressionType,ShortRun,False,Default,Default,Default,Default,Default,Default,11,Empty,RyuJit,Default,X64,8c5e7fda-e8bf-4a96-9a85-a6e23a8c635c,.NET 10.0,False,True,False,True,Default,Default,False,False,False,Default,Default,Default,Default,Default,Default,Default,Default,3,Default,1,Default,Default,Default,Default,Default,Default,16,3,7.566 ns,5.328 ns,0.2921 ns,0.0016,40 B
EmptyDocument,ShortRun,False,Default,Default,Default,Default,Default,Default,11,Empty,RyuJit,Default,X64,8c5e7fda-e8bf-4a96-9a85-a6e23a8c635c,.NET 10.0,False,True,False,True,Default,Default,False,False,False,Default,Default,Default,Default,Default,Default,Default,Default,3,Default,1,Default,Default,Default,Default,Default,Default,16,3,815.476 ns,112.523 ns,6.1678 ns,0.0420,1072 B
EmptyFailureAction,ShortRun,False,Default,Default,Default,Default,Default,Default,11,Empty,RyuJit,Default,X64,8c5e7fda-e8bf-4a96-9a85-a6e23a8c635c,.NET 10.0,False,True,False,True,Default,Default,False,False,False,Default,Default,Default,Default,Default,Default,Default,Default,3,Default,1,Default,Default,Default,Default,Default,Default,16,3,12.131 ns,12.419 ns,0.6807 ns,0.0041,104 B
EmptyFailureActionReference,ShortRun,False,Default,Default,Default,Default,Default,Default,11,Empty,RyuJit,Default,X64,8c5e7fda-e8bf-4a96-9a85-a6e23a8c635c,.NET 10.0,False,True,False,True,Default,Default,False,False,False,Default,Default,Default,Default,Default,Default,Default,Default,3,Default,1,Default,Default,Default,Default,Default,Default,16,3,31.246 ns,28.850 ns,1.5814 ns,0.0054,136 B
EmptyInfo,ShortRun,False,Default,Default,Default,Default,Default,Default,11,Empty,RyuJit,Default,X64,8c5e7fda-e8bf-4a96-9a85-a6e23a8c635c,.NET 10.0,False,True,False,True,Default,Default,False,False,False,Default,Default,Default,Default,Default,Default,Default,Default,3,Default,1,Default,Default,Default,Default,Default,Default,16,3,9.009 ns,2.904 ns,0.1592 ns,0.0022,56 B
EmptyInput,ShortRun,False,Default,Default,Default,Default,Default,Default,11,Empty,RyuJit,Default,X64,8c5e7fda-e8bf-4a96-9a85-a6e23a8c635c,.NET 10.0,False,True,False,True,Default,Default,False,False,False,Default,Default,Default,Default,Default,Default,Default,Default,3,Default,1,Default,Default,Default,Default,Default,Default,16,3,30.797 ns,26.945 ns,1.4769 ns,0.0181,456 B
EmptyInputReference,ShortRun,False,Default,Default,Default,Default,Default,Default,11,Empty,RyuJit,Default,X64,8c5e7fda-e8bf-4a96-9a85-a6e23a8c635c,.NET 10.0,False,True,False,True,Default,Default,False,False,False,Default,Default,Default,Default,Default,Default,Default,Default,3,Default,1,Default,Default,Default,Default,Default,Default,16,3,33.270 ns,30.436 ns,1.6683 ns,0.0073,184 B
EmptyParameter,ShortRun,False,Default,Default,Default,Default,Default,Default,11,Empty,RyuJit,Default,X64,8c5e7fda-e8bf-4a96-9a85-a6e23a8c635c,.NET 10.0,False,True,False,True,Default,Default,False,False,False,Default,Default,Default,Default,Default,Default,Default,Default,3,Default,1,Default,Default,Default,Default,Default,Default,16,3,8.197 ns,3.207 ns,0.1758 ns,0.0019,48 B
EmptyParameterReference,ShortRun,False,Default,Default,Default,Default,Default,Default,11,Empty,RyuJit,Default,X64,8c5e7fda-e8bf-4a96-9a85-a6e23a8c635c,.NET 10.0,False,True,False,True,Default,Default,False,False,False,Default,Default,Default,Default,Default,Default,Default,Default,3,Default,1,Default,Default,Default,Default,Default,Default,16,3,33.609 ns,13.981 ns,0.7664 ns,0.0057,144 B
EmptyPayloadReplacement,ShortRun,False,Default,Default,Default,Default,Default,Default,11,Empty,RyuJit,Default,X64,8c5e7fda-e8bf-4a96-9a85-a6e23a8c635c,.NET 10.0,False,True,False,True,Default,Default,False,False,False,Default,Default,Default,Default,Default,Default,Default,Default,3,Default,1,Default,Default,Default,Default,Default,Default,16,3,7.064 ns,4.278 ns,0.2345 ns,0.0016,40 B
EmptyRequestBody,ShortRun,False,Default,Default,Default,Default,Default,Default,11,Empty,RyuJit,Default,X64,8c5e7fda-e8bf-4a96-9a85-a6e23a8c635c,.NET 10.0,False,True,False,True,Default,Default,False,False,False,Default,Default,Default,Default,Default,Default,Default,Default,3,Default,1,Default,Default,Default,Default,Default,Default,16,3,8.630 ns,3.675 ns,0.2014 ns,0.0019,48 B
EmptySourceDescription,ShortRun,False,Default,Default,Default,Default,Default,Default,11,Empty,RyuJit,Default,X64,8c5e7fda-e8bf-4a96-9a85-a6e23a8c635c,.NET 10.0,False,True,False,True,Default,Default,False,False,False,Default,Default,Default,Default,Default,Default,Default,Default,3,Default,1,Default,Default,Default,Default,Default,Default,16,3,8.127 ns,4.243 ns,0.2326 ns,0.0019,48 B
EmptyStep,ShortRun,False,Default,Default,Default,Default,Default,Default,11,Empty,RyuJit,Default,X64,8c5e7fda-e8bf-4a96-9a85-a6e23a8c635c,.NET 10.0,False,True,False,True,Default,Default,False,False,False,Default,Default,Default,Default,Default,Default,Default,Default,3,Default,1,Default,Default,Default,Default,Default,Default,16,3,12.501 ns,12.878 ns,0.7059 ns,0.0044,112 B
EmptySuccessAction,ShortRun,False,Default,Default,Default,Default,Default,Default,11,Empty,RyuJit,Default,X64,8c5e7fda-e8bf-4a96-9a85-a6e23a8c635c,.NET 10.0,False,True,False,True,Default,Default,False,False,False,Default,Default,Default,Default,Default,Default,Default,Default,3,Default,1,Default,Default,Default,Default,Default,Default,16,3,8.374 ns,6.771 ns,0.3711 ns,0.0025,64 B
EmptySuccessActionReference,ShortRun,False,Default,Default,Default,Default,Default,Default,11,Empty,RyuJit,Default,X64,8c5e7fda-e8bf-4a96-9a85-a6e23a8c635c,.NET 10.0,False,True,False,True,Default,Default,False,False,False,Default,Default,Default,Default,Default,Default,Default,Default,3,Default,1,Default,Default,Default,Default,Default,Default,16,3,32.357 ns,15.159 ns,0.8309 ns,0.0054,136 B
EmptyWorkflow,ShortRun,False,Default,Default,Default,Default,Default,Default,11,Empty,RyuJit,Default,X64,8c5e7fda-e8bf-4a96-9a85-a6e23a8c635c,.NET 10.0,False,True,False,True,Default,Default,False,False,False,Default,Default,Default,Default,Default,Default,Default,Default,3,Default,1,Default,Default,Default,Default,Default,Default,16,3,12.360 ns,4.714 ns,0.2584 ns,0.0041,104 B
